{"assets/fonts/InterTight.ttf":["assets/fonts/InterTight.ttf"],"assets/images/bottom1.png":["assets/images/bottom1.png"],"assets/images/bottom2.png":["assets/images/bottom2.png"],"assets/images/logo.png":["assets/images/logo.png"],"assets/images/main.png":["assets/images/main.png"],"assets/images/top1.png":["assets/images/top1.png"],"assets/images/top2.png":["assets/images/top2.png"],"packages/cupertino_icons/assets/CupertinoIcons.ttf":["packages/cupertino_icons/assets/CupertinoIcons.ttf"],"packages/sn_progress_dialog/images/cancel.png":["packages/sn_progress_dialog/images/cancel.png"],"packages/sn_progress_dialog/images/completed.png":["packages/sn_progress_dialog/images/completed.png"]}